 [
        {
            "id": 12,
            "assignmentId": "ryCWvkV3WjGufEevvSsUg",
            "assignTo": "Dharmajeet",
            "assignToUserId": "i0b8lZXzKF_ETx0HFQuxf",
            "subject": "Do the task",
            "description": "Jdkd MSG d",
            "comment": "Hddkdbsmzk",
            "satisfied": false,
            "satisfiedUpdate": null,
            "updatedBy": "User",
            "followUpDate": "2022-04-11T04:56:00.000Z",
            "createdAt": "2022-03-31 10:34:50",
            "updatedAt": "2022-04-01 14:55:44"
        },
        {
            "id": 24,
            "assignmentId": "uE8ufTY0whinVPgFMclmk",
            "assignTo": "Dharmajeet",
            "assignToUserId": "i0b8lZXzKF_ETx0HFQuxf",
            "subject": "Jkhhk",
            "description": "Gjhh",
            "comment": "Bkvjm",
            "satisfied": false,
            "satisfiedUpdate": null,
            "updatedBy": "Admin",
            "followUpDate": "2022-04-06T09:47:00.000Z",
            "createdAt": "2022-03-31 15:17:34",
            "updatedAt": "2022-03-31 15:44:51"
        },
        {
            "id": 35,
            "assignmentId": "EC6UAsCJP5B6k1fvBlb00",
            "assignTo": "apptester",
            "assignToUserId": "yVV4Zw1_A8eJFKrpvf8Kp",
            "subject": "Bdkdnd",
            "description": "Bxjdj",
            "comment": null,
            "satisfied": false,
            "satisfiedUpdate": null,
            "updatedBy": "",
            "followUpDate": "2022-04-05T12:25:00.000Z",
            "createdAt": "2022-03-31 17:55:45",
            "updatedAt": "2022-03-31 17:55:45"
        },
        {
            "id": 31,
            "assignmentId": "4HitDFZb4RN8gUjEi1p6w",
            "assignTo": "shard",
            "assignToUserId": "mGdv9gaFuFdFhsfs9CgIK",
            "subject": "Test",
            "description": "Dev",
            "comment": "Testing ",
            "satisfied": false,
            "satisfiedUpdate": null,
            "updatedBy": "",
            "followUpDate": "2022-04-05T12:19:00.000Z",
            "createdAt": "2022-03-31 17:50:14",
            "updatedAt": "2022-03-31 17:50:14"
        },
        {
            "id": 37,
            "assignmentId": "GAoVg2RmXLEqQwV0lh5sn",
            "assignTo": "Dharmajeet",
            "assignToUserId": "i0b8lZXzKF_ETx0HFQuxf",
            "subject": "dfgg",
            "description": "sds",
            "comment": "ssd",
            "satisfied": false,
            "satisfiedUpdate": null,
            "updatedBy": "",
            "followUpDate": "2022-04-04T04:27:00.000Z",
            "createdAt": "2022-04-01 09:57:49",
            "updatedAt": "2022-04-01 09:57:49"
        },
        {
            "id": 41,
            "assignmentId": "QupF47YqRPgVQMrm6XWWO",
            "assignTo": "Dharmajeet",
            "assignToUserId": "i0b8lZXzKF_ETx0HFQuxf",
            "subject": "Test future",
            "description": "Test",
            "comment": null,
            "satisfied": false,
            "satisfiedUpdate": null,
            "updatedBy": "Admin",
            "followUpDate": "2022-04-03T11:09:00.000Z",
            "createdAt": "2022-04-02 16:40:11",
            "updatedAt": "2022-04-02 16:40:58"
        },
        {
            "id": 39,
            "assignmentId": "RnqbkZ0UsJyhkP3-fcpze",
            "assignTo": "Dharmajeet",
            "assignToUserId": "i0b8lZXzKF_ETx0HFQuxf",
            "subject": "Test",
            "description": "Nothing ",
            "comment": null,
            "satisfied": false,
            "satisfiedUpdate": null,
            "updatedBy": "Admin",
            "followUpDate": "2022-04-03T10:14:00.000Z",
            "createdAt": "2022-04-01 14:44:35",
            "updatedAt": "2022-04-01 15:01:48"
        },
        {
            "id": 38,
            "assignmentId": "Bw6ObupryLriUNZ5CmYPa",
            "assignTo": "Dharmajeet",
            "assignToUserId": "i0b8lZXzKF_ETx0HFQuxf",
            "subject": "Jkhhkb",
            "description": "Bkkbhh",
            "comment": "Bllb",
            "satisfied": false,
            "satisfiedUpdate": null,
            "updatedBy": "",
            "followUpDate": "2022-04-03T06:03:00.000Z",
            "createdAt": "2022-04-01 11:34:10",
            "updatedAt": "2022-04-01 11:34:10"
        },
        {
            "id": 34,
            "assignmentId": "zKalfF_VVt4mTIoXZY4pc",
            "assignTo": "Test@gnsd",
            "assignToUserId": "VYhp_1zmEaIWkhcez-Mb5",
            "subject": "Dfh",
            "description": "Vvgg",
            "comment": "Test",
            "satisfied": false,
            "satisfiedUpdate": null,
            "updatedBy": "Admin",
            "followUpDate": "2022-04-02T12:24:00.000Z",
            "createdAt": "2022-03-31 17:54:29",
            "updatedAt": "2022-04-02 12:57:07"
        },
        {
            "id": 28,
            "assignmentId": "NkP58icYbGc2LBdKzS9tA",
            "assignTo": "testing354",
            "assignToUserId": "DpW8fGDsRn_Zqe-E2dsGy",
            "subject": "Vg g g",
            "description": " g ",
            "comment": "Ycy",
            "satisfied": false,
            "satisfiedUpdate": null,
            "updatedBy": "",
            "followUpDate": "2022-04-02T12:18:00.000Z",
            "createdAt": "2022-03-31 17:48:52",
            "updatedAt": "2022-03-31 17:48:52"
        },
        {
            "id": 8,
            "assignmentId": "XbTyWGi6gxxIMflWE71eP",
            "assignTo": "user@123",
            "assignToUserId": "GQHnNUA3yqzunDQ1tYubr",
            "subject": "Very bad",
            "description": "Etuihghh",
            "comment": "Wfscwcsvwv",
            "satisfied": true,
            "satisfiedUpdate": "2022-04-01 17:44:22",
            "updatedBy": "User",
            "followUpDate": "2022-04-01T16:05:00.000Z",
            "createdAt": "2022-03-30 16:00:23",
            "updatedAt": "2022-04-01 17:44:22"
        },
        {
            "id": 40,
            "assignmentId": "26upEnQCxf6wbYwkvILDI",
            "assignTo": "Test@gnsd",
            "assignToUserId": "VYhp_1zmEaIWkhcez-Mb5",
            "subject": "Nffj",
            "description": " Xnccfj",
            "comment": " Zbxxhbxxbd",
            "satisfied": false,
            "satisfiedUpdate": null,
            "updatedBy": "",
            "followUpDate": "2022-04-01T12:11:51.749Z",
            "createdAt": "2022-04-01 17:42:02",
            "updatedAt": "2022-04-01 17:42:02"
        },
        {
            "id": 26,
            "assignmentId": "zyPeOr3CWPOFTH9hicu96",
            "assignTo": "Dharmajeet",
            "assignToUserId": "i0b8lZXzKF_ETx0HFQuxf",
            "subject": "Tgggg",
            "description": "Vhjb",
            "comment": "Vhdhzbbgx vggghgvt \nVydbj",
            "satisfied": true,
            "satisfiedUpdate": "2022-04-01 15:15:52",
            "updatedBy": "Admin",
            "followUpDate": "2022-04-01T09:52:00.000Z",
            "createdAt": "2022-03-31 15:22:34",
            "updatedAt": "2022-04-01 15:15:52"
        },
        {
            "id": 20,
            "assignmentId": "kjl8LLVRXBpFCvcpAvmmn",
            "assignTo": "testing354",
            "assignToUserId": "DpW8fGDsRn_Zqe-E2dsGy",
            "subject": "Assss",
            "description": "Dfff",
            "comment": "Ggvvvgfujffk",
            "satisfied": false,
            "satisfiedUpdate": "2022-03-31 17:46:39",
            "updatedBy": "Admin",
            "followUpDate": "2022-03-31T16:55:00.000Z",
            "createdAt": "2022-03-31 11:54:38",
            "updatedAt": "2022-04-01 17:41:19"
        },
        {
            "id": 36,
            "assignmentId": "eWs6ubYjC5Iavws6znpMG",
            "assignTo": "Test@gnsd",
            "assignToUserId": "VYhp_1zmEaIWkhcez-Mb5",
            "subject": "Vt",
            "description": "Xdx",
            "comment": "Ddd",
            "satisfied": true,
            "satisfiedUpdate": "2022-04-01 09:23:11",
            "updatedBy": "Admin",
            "followUpDate": "2022-03-31T16:28:00.000Z",
            "createdAt": "2022-03-31 17:58:30",
            "updatedAt": "2022-04-01 09:23:11"
        },
        {
            "id": 29,
            "assignmentId": "jno0Z_bvkreZYUyWAjdJc",
            "assignTo": "apptester",
            "assignToUserId": "yVV4Zw1_A8eJFKrpvf8Kp",
            "subject": "Ftff hgh ghg",
            "description": "Fhffjfjfjfjfif",
            "comment": "Bxxhxjxjcx",
            "satisfied": true,
            "satisfiedUpdate": "2022-04-01 09:59:21",
            "updatedBy": "Admin",
            "followUpDate": "2022-03-31T13:21:00.000Z",
            "createdAt": "2022-03-31 17:49:36",
            "updatedAt": "2022-04-01 09:59:21"
        },
        {
            "id": 3,
            "assignmentId": "XvK56TlS1RKrQ2a4xdLYG",
            "assignTo": "user@123",
            "assignToUserId": "GQHnNUA3yqzunDQ1tYubr",
            "subject": "Task3",
            "description": "Task3",
            "comment": "Sjsksk",
            "satisfied": true,
            "satisfiedUpdate": "2022-04-01 11:38:06",
            "updatedBy": "Admin",
            "followUpDate": "2022-03-31T13:01:00.000Z",
            "createdAt": "2022-03-30 12:36:55",
            "updatedAt": "2022-04-01 11:38:06"
        },
        {
            "id": 33,
            "assignmentId": "OW5px8ws7KEkevQqRBoqH",
            "assignTo": "Test@gnsd",
            "assignToUserId": "VYhp_1zmEaIWkhcez-Mb5",
            "subject": "Tbrbtb",
            "description": "D vdvd",
            "comment": " d d  ",
            "satisfied": false,
            "satisfiedUpdate": null,
            "updatedBy": "",
            "followUpDate": "2022-03-31T12:23:11.863Z",
            "createdAt": "2022-03-31 17:53:21",
            "updatedAt": "2022-03-31 17:53:21"
        },
        {
            "id": 32,
            "assignmentId": "N16hMQgEdZD7PwBp2nN7l",
            "assignTo": "Test@gnsd",
            "assignToUserId": "VYhp_1zmEaIWkhcez-Mb5",
            "subject": "Dfg",
            "description": "Chh",
            "comment": "Fbnc",
            "satisfied": false,
            "satisfiedUpdate": null,
            "updatedBy": "",
            "followUpDate": "2022-03-31T12:21:04.934Z",
            "createdAt": "2022-03-31 17:51:23",
            "updatedAt": "2022-03-31 17:51:23"
        },
        {
            "id": 7,
            "assignmentId": "Ezbw_awKyhM6locUITCjq",
            "assignTo": "user@123",
            "assignToUserId": "GQHnNUA3yqzunDQ1tYubr",
            "subject": "Tashffg",
            "description": "Fgfg",
            "comment": "Done plz check it",
            "satisfied": true,
            "satisfiedUpdate": "2022-03-31 15:15:59",
            "updatedBy": "Admin",
            "followUpDate": "2022-03-31T09:04:17.711Z",
            "createdAt": "2022-03-30 14:08:13",
            "updatedAt": "2022-03-31 15:15:59"
        },
        {
            "id": 21,
            "assignmentId": "DuDo5a3qUPdjoI2jQ1Iyx",
            "assignTo": "testing354",
            "assignToUserId": "DpW8fGDsRn_Zqe-E2dsGy",
            "subject": "Etff",
            "description": "Dfff",
            "comment": null,
            "satisfied": true,
            "satisfiedUpdate": "2022-03-31 12:00:31",
            "updatedBy": "Admin",
            "followUpDate": "2022-03-31T06:30:10.239Z",
            "createdAt": "2022-03-31 11:55:41",
            "updatedAt": "2022-03-31 12:00:31"
        },
        {
            "id": 10,
            "assignmentId": "J8pEbOQ2fXY2GHu-gUfCA",
            "assignTo": "Dharmajeet",
            "assignToUserId": "i0b8lZXzKF_ETx0HFQuxf",
            "subject": "Do the task",
            "description": "Jdkd MSG d",
            "comment": "Hddkdbsmzk",
            "satisfied": true,
            "satisfiedUpdate": "2022-03-31 16:00:16",
            "updatedBy": "Admin",
            "followUpDate": "2022-03-31T04:56:43.729Z",
            "createdAt": "2022-03-31 10:27:26",
            "updatedAt": "2022-03-31 16:00:16"
        },
        {
            "id": 14,
            "assignmentId": "uSeRw3SvjQofLw6efuPdX",
            "assignTo": "testing354",
            "assignToUserId": "DpW8fGDsRn_Zqe-E2dsGy",
            "subject": "Trrr",
            "description": "Jdkd MSG d",
            "comment": "Hddkdbsmzk",
            "satisfied": true,
            "satisfiedUpdate": "2022-03-31 17:25:27",
            "updatedBy": "Admin",
            "followUpDate": "2022-03-31T04:56:00.000Z",
            "createdAt": "2022-03-31 11:06:10",
            "updatedAt": "2022-03-31 17:25:27"
        },
        {
            "id": 9,
            "assignmentId": "q47MDNXuzerhk2stUh886",
            "assignTo": "Dharmajeet",
            "assignToUserId": "i0b8lZXzKF_ETx0HFQuxf",
            "subject": "Esggg",
            "description": "Test",
            "comment": "Ffcdf",
            "satisfied": true,
            "satisfiedUpdate": "2022-04-01 11:50:13",
            "updatedBy": "User",
            "followUpDate": "2022-03-30T14:28:20.629Z",
            "createdAt": "2022-03-30 19:58:08",
            "updatedAt": "2022-04-01 11:50:13"
        },
        {
            "id": 6,
            "assignmentId": "PAktavHZ76Y1aDxlYaFOa",
            "assignTo": "user@123",
            "assignToUserId": "GQHnNUA3yqzunDQ1tYubr",
            "subject": "Task 29 2",
            "description": "Fgh",
            "comment": null,
            "satisfied": true,
            "satisfiedUpdate": "2022-03-30 14:04:48",
            "updatedBy": "Admin",
            "followUpDate": "2022-03-30T08:34:44.932Z",
            "createdAt": "2022-03-30 14:04:35",
            "updatedAt": "2022-03-30 14:04:48"
        },
        {
            "id": 1,
            "assignmentId": "33ZZd9wsfpJDpi5DBzD38",
            "assignTo": "user@123",
            "assignToUserId": "GQHnNUA3yqzunDQ1tYubr",
            "subject": "Task1",
            "description": "Task1",
            "comment": null,
            "satisfied": true,
            "satisfiedUpdate": "2022-03-30 12:08:18",
            "updatedBy": "Admin",
            "followUpDate": "2022-03-30T06:38:09.439Z",
            "createdAt": "2022-03-30 12:07:59",
            "updatedAt": "2022-03-30 12:08:18"
        },
        {
            "id": 2,
            "assignmentId": "QpIqZ5-ckZd8g1E7kFXx5",
            "assignTo": "user@123",
            "assignToUserId": "GQHnNUA3yqzunDQ1tYubr",
            "subject": "Taskwbbb",
            "description": "Task1jh",
            "comment": "Comskdlskhhh",
            "satisfied": false,
            "satisfiedUpdate": "2022-03-31 15:55:25",
            "updatedBy": "Admin",
            "followUpDate": "2022-03-30T06:38:09.439Z",
            "createdAt": "2022-03-30 12:17:41",
            "updatedAt": "2022-03-31 17:56:43"
        },
        {
            "id": 25,
            "assignmentId": "MJIHbUVzDCHietCtJ58PD",
            "assignTo": "testing354",
            "assignToUserId": "DpW8fGDsRn_Zqe-E2dsGy",
            "subject": "Aaa",
            "description": "Kkk",
            "comment": "Okk",
            "satisfied": true,
            "satisfiedUpdate": "2022-03-31 15:56:55",
            "updatedBy": "Admin",
            "followUpDate": "2022-03-28T09:49:00.000Z",
            "createdAt": "2022-03-31 15:19:53",
            "updatedAt": "2022-03-31 15:56:55"
        },
        {
            "id": 18,
            "assignmentId": "msieLS52KrgCXD5lQPxWY",
            "assignTo": "Dharmajeet",
            "assignToUserId": "i0b8lZXzKF_ETx0HFQuxf",
            "subject": "Etffghg",
            "description": "Àaaaaàà",
            "comment": "Vgggyy",
            "satisfied": false,
            "satisfiedUpdate": null,
            "updatedBy": "Admin",
            "followUpDate": "2022-03-25T06:04:00.000Z",
            "createdAt": "2022-03-31 11:34:59",
            "updatedAt": "2022-04-01 17:42:26"
        },
        {
            "id": 15,
            "assignmentId": "tL8CKnzaQegNYJwXlXDZU",
            "assignTo": "testing354",
            "assignToUserId": "DpW8fGDsRn_Zqe-E2dsGy",
            "subject": "Sddf",
            "description": "Dhzhzb",
            "comment": "Hddkdbsmzk",
            "satisfied": false,
            "satisfiedUpdate": null,
            "updatedBy": "Admin",
            "followUpDate": "2022-03-24T04:56:00.000Z",
            "createdAt": "2022-03-31 11:31:03",
            "updatedAt": "2022-03-31 15:53:59"
        },
        {
            "id": 16,
            "assignmentId": "dkYFk7OpDTWgNE0LCcG4v",
            "assignTo": "testing354",
            "assignToUserId": "DpW8fGDsRn_Zqe-E2dsGy",
            "subject": "Sddf",
            "description": "Jdkd MSG d",
            "comment": "Hddkdbsmzk",
            "satisfied": false,
            "satisfiedUpdate": null,
            "updatedBy": "",
            "followUpDate": "2022-03-23T04:56:00.000Z",
            "createdAt": "2022-03-31 11:31:16",
            "updatedAt": "2022-03-31 11:31:16"
        },
        {
            "id": 17,
            "assignmentId": "8Tjg-wO3-2p8oz4tdh05n",
            "assignTo": "testing354",
            "assignToUserId": "DpW8fGDsRn_Zqe-E2dsGy",
            "subject": "Sddf",
            "description": "Jdkd MSG d",
            "comment": "Hddkdbsmzk",
            "satisfied": false,
            "satisfiedUpdate": null,
            "updatedBy": "",
            "followUpDate": "2022-03-22T04:56:00.000Z",
            "createdAt": "2022-03-31 11:31:24",
            "updatedAt": "2022-03-31 11:31:24"
        },
        {
            "id": 19,
            "assignmentId": "SBhXCNFgmc-gsHfAYtWNS",
            "assignTo": "testing354",
            "assignToUserId": "DpW8fGDsRn_Zqe-E2dsGy",
            "subject": "Etff",
            "description": "Dfff",
            "comment": null,
            "satisfied": false,
            "satisfiedUpdate": null,
            "updatedBy": "",
            "followUpDate": "2022-03-19T06:04:00.000Z",
            "createdAt": "2022-03-31 11:44:35",
            "updatedAt": "2022-03-31 11:44:35"
        },
        {
            "id": 22,
            "assignmentId": "KZWPzAnJB1u34TmzpPG-9",
            "assignTo": "testing354",
            "assignToUserId": "DpW8fGDsRn_Zqe-E2dsGy",
            "subject": "Rthgh",
            "description": "Ghh",
            "comment": "Cgggf",
            "satisfied": false,
            "satisfiedUpdate": null,
            "updatedBy": "",
            "followUpDate": "2022-03-17T07:05:00.000Z",
            "createdAt": "2022-03-31 12:36:19",
            "updatedAt": "2022-03-31 12:36:19"
        },
        {
            "id": 23,
            "assignmentId": "kFIBaJx1dJxS0M0tRAYSq",
            "assignTo": "testing354",
            "assignToUserId": "DpW8fGDsRn_Zqe-E2dsGy",
            "subject": "Rthgh",
            "description": "Ghh",
            "comment": "Cgggf",
            "satisfied": false,
            "satisfiedUpdate": null,
            "updatedBy": "",
            "followUpDate": "2022-03-13T07:05:00.000Z",
            "createdAt": "2022-03-31 12:37:40",
            "updatedAt": "2022-03-31 12:37:40"
        },
        {
            "id": 11,
            "assignmentId": "94CRLp8XRXC9cn53VTdgQ",
            "assignTo": "Dharmajeet",
            "assignToUserId": "i0b8lZXzKF_ETx0HFQuxf",
            "subject": "Do the task",
            "description": "Jdkd MSG d",
            "comment": "Hddkdbsmzk",
            "satisfied": false,
            "satisfiedUpdate": null,
            "updatedBy": "",
            "followUpDate": "2022-02-17T04:56:00.000Z",
            "createdAt": "2022-03-31 10:34:30",
            "updatedAt": "2022-03-31 10:34:30"
        }
    ]